CustomerID,Cluster,is_noise
12346,-1,True
12748,-1,True
12823,-1,True
12830,-1,True
12837,-1,True
12847,-1,True
12855,-1,True
12864,-1,True
12867,-1,True
12875,-1,True
12881,-1,True
12884,-1,True
12891,-1,True
12901,-1,True
12908,-1,True
12917,-1,True
12931,-1,True
12977,-1,True
12980,-1,True
12995,-1,True
13011,-1,True
13017,-1,True
13026,-1,True
13027,-1,True
13068,-1,True
13080,-1,True
13081,-1,True
13089,-1,True
13094,-1,True
13095,-1,True
13098,-1,True
13099,-1,True
13106,-1,True
13120,-1,True
13130,-1,True
13132,-1,True
13135,-1,True
13145,-1,True
13147,-1,True
13165,-1,True
13182,-1,True
13185,-1,True
13189,-1,True
13216,-1,True
13228,-1,True
13233,-1,True
13253,-1,True
13268,-1,True
13270,-1,True
13271,-1,True
13273,-1,True
13302,-1,True
13307,-1,True
13316,-1,True
13366,-1,True
13391,-1,True
13452,-1,True
13521,-1,True
13525,-1,True
13538,-1,True
13563,-1,True
13564,-1,True
13631,-1,True
13666,-1,True
13678,-1,True
13684,-1,True
13685,-1,True
13686,-1,True
13689,-1,True
13694,-1,True
13703,-1,True
13739,-1,True
13747,-1,True
13762,-1,True
13777,-1,True
13790,-1,True
13791,-1,True
13798,-1,True
13805,-1,True
13832,-1,True
13841,-1,True
13848,-1,True
13854,-1,True
14014,-1,True
14045,-1,True
14046,-1,True
14049,-1,True
14053,-1,True
14088,-1,True
14090,-1,True
14093,-1,True
14096,-1,True
14101,-1,True
14104,-1,True
14124,-1,True
14145,-1,True
14159,-1,True
14180,-1,True
14185,-1,True
14199,-1,True
14212,-1,True
14258,-1,True
14286,-1,True
14298,-1,True
14300,-1,True
14301,-1,True
14314,-1,True
14351,-1,True
14382,-1,True
14393,-1,True
14423,-1,True
14424,-1,True
14456,-1,True
14460,-1,True
14477,-1,True
14527,-1,True
14529,-1,True
14533,-1,True
14548,-1,True
14576,-1,True
14581,-1,True
14589,-1,True
14603,-1,True
14606,-1,True
14607,-1,True
14609,-1,True
14642,-1,True
14680,-1,True
14682,-1,True
14705,-1,True
14711,-1,True
14716,-1,True
14769,-1,True
14776,-1,True
14779,-1,True
14792,-1,True
14796,-1,True
14805,-1,True
14816,-1,True
14821,-1,True
14842,-1,True
14865,-1,True
14866,-1,True
14885,-1,True
14887,-1,True
14904,-1,True
14946,-1,True
14957,-1,True
14973,-1,True
14997,-1,True
15043,-1,True
15061,-1,True
15070,-1,True
15098,-1,True
15100,-1,True
15118,-1,True
15171,-1,True
15178,-1,True
15195,-1,True
15216,-1,True
15221,-1,True
15222,-1,True
15257,-1,True
15267,-1,True
15269,-1,True
15270,-1,True
15280,-1,True
15286,-1,True
15299,-1,True
15311,-1,True
15313,-1,True
15316,-1,True
15318,-1,True
15325,-1,True
15330,-1,True
15361,-1,True
15372,-1,True
15389,-1,True
15442,-1,True
15465,-1,True
15473,-1,True
15488,-1,True
15502,-1,True
15503,-1,True
15504,-1,True
15510,-1,True
15516,-1,True
15522,-1,True
15524,-1,True
15541,-1,True
15552,-1,True
15562,-1,True
15581,-1,True
15587,-1,True
15603,-1,True
15607,-1,True
15649,-1,True
15653,-1,True
15657,-1,True
15661,-1,True
15668,-1,True
15674,-1,True
15679,-1,True
15691,-1,True
15694,-1,True
15744,-1,True
15749,-1,True
15753,-1,True
15769,-1,True
15797,-1,True
15802,-1,True
15823,-1,True
15834,-1,True
15838,-1,True
15863,-1,True
15935,-1,True
15940,-1,True
15945,-1,True
15971,-1,True
15992,-1,True
16000,-1,True
16007,-1,True
16013,-1,True
16015,-1,True
16024,-1,True
16026,-1,True
16027,-1,True
16029,-1,True
16041,-1,True
16073,-1,True
16078,-1,True
16093,-1,True
16107,-1,True
16144,-1,True
16148,-1,True
16162,-1,True
16180,-1,True
16243,-1,True
16257,-1,True
16276,-1,True
16308,-1,True
16323,-1,True
16333,-1,True
16344,-1,True
16349,-1,True
16377,-1,True
16422,-1,True
16429,-1,True
16446,-1,True
16454,-1,True
16462,-1,True
16500,-1,True
16504,-1,True
16505,-1,True
16523,-1,True
16532,-1,True
16565,-1,True
16659,-1,True
16666,-1,True
16671,-1,True
16684,-1,True
16692,-1,True
16698,-1,True
16715,-1,True
16716,-1,True
16730,-1,True
16737,-1,True
16738,-1,True
16742,-1,True
16754,-1,True
16765,-1,True
16856,-1,True
16872,-1,True
16878,-1,True
16881,-1,True
16891,-1,True
16915,-1,True
16953,-1,True
16971,-1,True
16976,-1,True
16986,-1,True
16989,-1,True
16990,-1,True
17015,-1,True
17017,-1,True
17022,-1,True
17029,-1,True
17044,-1,True
17079,-1,True
17102,-1,True
17114,-1,True
17172,-1,True
17186,-1,True
17205,-1,True
17263,-1,True
17268,-1,True
17291,-1,True
17306,-1,True
17317,-1,True
17331,-1,True
17337,-1,True
17347,-1,True
17353,-1,True
17356,-1,True
17379,-1,True
17381,-1,True
17389,-1,True
17391,-1,True
17396,-1,True
17406,-1,True
17408,-1,True
17414,-1,True
17427,-1,True
17440,-1,True
17450,-1,True
17500,-1,True
17511,-1,True
17536,-1,True
17553,-1,True
17585,-1,True
17602,-1,True
17616,-1,True
17674,-1,True
17709,-1,True
17715,-1,True
17723,-1,True
17744,-1,True
17747,-1,True
17750,-1,True
17752,-1,True
17763,-1,True
17772,-1,True
17775,-1,True
17816,-1,True
17817,-1,True
17831,-1,True
17832,-1,True
17836,-1,True
17841,-1,True
17846,-1,True
17857,-1,True
17869,-1,True
17891,-1,True
17896,-1,True
17923,-1,True
17925,-1,True
17929,-1,True
17940,-1,True
17941,-1,True
17942,-1,True
17948,-1,True
17949,-1,True
17956,-1,True
17957,-1,True
17960,-1,True
17986,-1,True
17995,-1,True
18013,-1,True
18015,-1,True
18017,-1,True
18019,-1,True
18034,-1,True
18037,-1,True
18068,-1,True
18079,-1,True
18080,-1,True
18084,-1,True
18087,-1,True
18102,-1,True
18113,-1,True
18117,-1,True
18133,-1,True
18139,-1,True
18174,-1,True
18184,-1,True
18194,-1,True
18220,-1,True
18233,-1,True
18246,-1,True
18251,-1,True
18268,-1,True
12747,0,False
12749,0,False
12820,0,False
12821,0,False
12822,0,False
12824,0,False
12826,0,False
12827,0,False
12828,0,False
12829,0,False
12831,0,False
12832,0,False
12833,0,False
12834,0,False
12836,0,False
12838,0,False
12839,0,False
12840,0,False
12841,0,False
12842,0,False
12843,0,False
12844,0,False
12845,0,False
12849,0,False
12851,0,False
12852,0,False
12853,0,False
12854,0,False
12856,0,False
12857,0,False
12863,0,False
12868,0,False
12871,0,False
12872,0,False
12873,0,False
12877,0,False
12878,0,False
12879,0,False
12882,0,False
12883,0,False
12885,0,False
12886,0,False
12888,0,False
12890,0,False
12893,0,False
12895,0,False
12897,0,False
12902,0,False
12904,0,False
12906,0,False
12909,0,False
12910,0,False
12912,0,False
12913,0,False
12915,0,False
12916,0,False
12919,0,False
12920,0,False
12921,0,False
12922,0,False
12923,0,False
12924,0,False
12925,0,False
12928,0,False
12929,0,False
12930,0,False
12933,0,False
12935,0,False
12936,0,False
12937,0,False
12938,0,False
12940,0,False
12942,0,False
12944,0,False
12945,0,False
12947,0,False
12948,0,False
12949,0,False
12950,0,False
12951,0,False
12952,0,False
12953,0,False
12955,0,False
12956,0,False
12957,0,False
12962,0,False
12963,0,False
12965,0,False
12966,0,False
12967,0,False
12968,0,False
12970,0,False
12971,0,False
12974,0,False
12976,0,False
12981,0,False
12982,0,False
12984,0,False
12985,0,False
12987,0,False
12988,0,False
12989,0,False
12990,0,False
12991,0,False
12993,0,False
12994,0,False
12997,0,False
12999,0,False
13000,0,False
13001,0,False
13002,0,False
13003,0,False
13004,0,False
13005,0,False
13006,0,False
13008,0,False
13012,0,False
13013,0,False
13014,0,False
13015,0,False
13016,0,False
13018,0,False
13021,0,False
13023,0,False
13028,0,False
13029,0,False
13030,0,False
13032,0,False
13033,0,False
13034,0,False
13035,0,False
13037,0,False
13038,0,False
13040,0,False
13043,0,False
13044,0,False
13045,0,False
13046,0,False
13047,0,False
13048,0,False
13049,0,False
13050,0,False
13052,0,False
13055,0,False
13058,0,False
13059,0,False
13060,0,False
13061,0,False
13062,0,False
13064,0,False
13065,0,False
13066,0,False
13067,0,False
13069,0,False
13070,0,False
13072,0,False
13075,0,False
13077,0,False
13078,0,False
13079,0,False
13082,0,False
13083,0,False
13085,0,False
13090,0,False
13091,0,False
13092,0,False
13093,0,False
13097,0,False
13101,0,False
13102,0,False
13103,0,False
13104,0,False
13107,0,False
13108,0,False
13109,0,False
13110,0,False
13113,0,False
13115,0,False
13116,0,False
13117,0,False
13118,0,False
13121,0,False
13122,0,False
13124,0,False
13126,0,False
13127,0,False
13131,0,False
13133,0,False
13134,0,False
13136,0,False
13137,0,False
13138,0,False
13139,0,False
13140,0,False
13141,0,False
13142,0,False
13146,0,False
13148,0,False
13149,0,False
13151,0,False
13153,0,False
13155,0,False
13157,0,False
13158,0,False
13159,0,False
13160,0,False
13161,0,False
13162,0,False
13166,0,False
13167,0,False
13168,0,False
13169,0,False
13170,0,False
13171,0,False
13173,0,False
13174,0,False
13176,0,False
13177,0,False
13178,0,False
13183,0,False
13184,0,False
13186,0,False
13187,0,False
13192,0,False
13193,0,False
13194,0,False
13196,0,False
13198,0,False
13199,0,False
13200,0,False
13203,0,False
13207,0,False
13208,0,False
13209,0,False
13210,0,False
13211,0,False
13212,0,False
13213,0,False
13217,0,False
13218,0,False
13220,0,False
13221,0,False
13223,0,False
13224,0,False
13226,0,False
13227,0,False
13229,0,False
13230,0,False
13232,0,False
13235,0,False
13236,0,False
13238,0,False
13239,0,False
13240,0,False
13242,0,False
13243,0,False
13244,0,False
13245,0,False
13246,0,False
13247,0,False
13248,0,False
13249,0,False
13255,0,False
13258,0,False
13259,0,False
13260,0,False
13261,0,False
13262,0,False
13263,0,False
13265,0,False
13266,0,False
13267,0,False
13269,0,False
13272,0,False
13276,0,False
13277,0,False
13278,0,False
13279,0,False
13280,0,False
13282,0,False
13283,0,False
13284,0,False
13285,0,False
13291,0,False
13292,0,False
13294,0,False
13295,0,False
13296,0,False
13297,0,False
13298,0,False
13299,0,False
13300,0,False
13301,0,False
13304,0,False
13305,0,False
13308,0,False
13309,0,False
13310,0,False
13311,0,False
13313,0,False
13314,0,False
13317,0,False
13318,0,False
13319,0,False
13320,0,False
13321,0,False
13322,0,False
13323,0,False
13324,0,False
13325,0,False
13327,0,False
13328,0,False
13329,0,False
13330,0,False
13332,0,False
13334,0,False
13336,0,False
13338,0,False
13339,0,False
13340,0,False
13341,0,False
13343,0,False
13344,0,False
13345,0,False
13347,0,False
13348,0,False
13349,0,False
13350,0,False
13351,0,False
13352,0,False
13354,0,False
13355,0,False
13356,0,False
13357,0,False
13358,0,False
13359,0,False
13362,0,False
13363,0,False
13364,0,False
13365,0,False
13368,0,False
13369,0,False
13370,0,False
13372,0,False
13373,0,False
13375,0,False
13376,0,False
13379,0,False
13381,0,False
13382,0,False
13384,0,False
13385,0,False
13388,0,False
13389,0,False
13390,0,False
13394,0,False
13395,0,False
13396,0,False
13397,0,False
13398,0,False
13402,0,False
13403,0,False
13404,0,False
13405,0,False
13408,0,False
13410,0,False
13411,0,False
13414,0,False
13416,0,False
13417,0,False
13418,0,False
13419,0,False
13420,0,False
13421,0,False
13422,0,False
13425,0,False
13426,0,False
13427,0,False
13428,0,False
13429,0,False
13430,0,False
13431,0,False
13434,0,False
13435,0,False
13436,0,False
13437,0,False
13439,0,False
13441,0,False
13447,0,False
13448,0,False
13449,0,False
13450,0,False
13451,0,False
13453,0,False
13455,0,False
13456,0,False
13458,0,False
13460,0,False
13461,0,False
13462,0,False
13464,0,False
13466,0,False
13467,0,False
13468,0,False
13470,0,False
13471,0,False
13473,0,False
13474,0,False
13475,0,False
13476,0,False
13477,0,False
13479,0,False
13481,0,False
13482,0,False
13483,0,False
13484,0,False
13485,0,False
13486,0,False
13487,0,False
13488,0,False
13489,0,False
13491,0,False
13494,0,False
13495,0,False
13496,0,False
13497,0,False
13499,0,False
13500,0,False
13502,0,False
13503,0,False
13504,0,False
13506,0,False
13507,0,False
13508,0,False
13509,0,False
13510,0,False
13512,0,False
13513,0,False
13514,0,False
13515,0,False
13516,0,False
13517,0,False
13518,0,False
13519,0,False
13522,0,False
13523,0,False
13524,0,False
13527,0,False
13529,0,False
13531,0,False
13532,0,False
13533,0,False
13534,0,False
13536,0,False
13539,0,False
13544,0,False
13546,0,False
13548,0,False
13549,0,False
13551,0,False
13552,0,False
13555,0,False
13557,0,False
13558,0,False
13560,0,False
13561,0,False
13562,0,False
13565,0,False
13566,0,False
13568,0,False
13569,0,False
13570,0,False
13571,0,False
13572,0,False
13573,0,False
13575,0,False
13576,0,False
13577,0,False
13579,0,False
13581,0,False
13583,0,False
13584,0,False
13587,0,False
13588,0,False
13589,0,False
13590,0,False
13591,0,False
13592,0,False
13593,0,False
13594,0,False
13596,0,False
13598,0,False
13599,0,False
13600,0,False
13601,0,False
13602,0,False
13603,0,False
13606,0,False
13607,0,False
13610,0,False
13611,0,False
13614,0,False
13615,0,False
13617,0,False
13618,0,False
13621,0,False
13623,0,False
13626,0,False
13627,0,False
13630,0,False
13632,0,False
13634,0,False
13635,0,False
13636,0,False
13637,0,False
13638,0,False
13639,0,False
13642,0,False
13643,0,False
13644,0,False
13645,0,False
13647,0,False
13649,0,False
13650,0,False
13651,0,False
13652,0,False
13654,0,False
13655,0,False
13656,0,False
13657,0,False
13658,0,False
13659,0,False
13662,0,False
13663,0,False
13667,0,False
13668,0,False
13669,0,False
13670,0,False
13672,0,False
13673,0,False
13675,0,False
13680,0,False
13681,0,False
13682,0,False
13690,0,False
13692,0,False
13695,0,False
13697,0,False
13699,0,False
13700,0,False
13704,0,False
13705,0,False
13706,0,False
13707,0,False
13708,0,False
13709,0,False
13710,0,False
13711,0,False
13712,0,False
13715,0,False
13716,0,False
13717,0,False
13718,0,False
13719,0,False
13720,0,False
13721,0,False
13722,0,False
13723,0,False
13725,0,False
13726,0,False
13727,0,False
13728,0,False
13730,0,False
13731,0,False
13732,0,False
13735,0,False
13736,0,False
13737,0,False
13740,0,False
13741,0,False
13742,0,False
13743,0,False
13744,0,False
13745,0,False
13748,0,False
13750,0,False
13751,0,False
13752,0,False
13753,0,False
13754,0,False
13755,0,False
13756,0,False
13758,0,False
13759,0,False
13760,0,False
13761,0,False
13763,0,False
13764,0,False
13767,0,False
13769,0,False
13771,0,False
13772,0,False
13774,0,False
13778,0,False
13780,0,False
13781,0,False
13782,0,False
13784,0,False
13786,0,False
13787,0,False
13792,0,False
13799,0,False
13800,0,False
13801,0,False
13802,0,False
13803,0,False
13804,0,False
13806,0,False
13807,0,False
13808,0,False
13819,0,False
13821,0,False
13822,0,False
13823,0,False
13824,0,False
13826,0,False
13827,0,False
13828,0,False
13831,0,False
13833,0,False
13835,0,False
13837,0,False
13838,0,False
13842,0,False
13844,0,False
13845,0,False
13846,0,False
13849,0,False
13850,0,False
13851,0,False
13853,0,False
13856,0,False
13858,0,False
13859,0,False
13860,0,False
13862,0,False
13863,0,False
13865,0,False
13866,0,False
13867,0,False
13868,0,False
13869,0,False
13870,0,False
13871,0,False
13873,0,False
13874,0,False
13875,0,False
13876,0,False
13877,0,False
13878,0,False
13880,0,False
13881,0,False
13882,0,False
13883,0,False
13884,0,False
13885,0,False
13886,0,False
13887,0,False
13888,0,False
13889,0,False
13890,0,False
13892,0,False
13893,0,False
13894,0,False
13895,0,False
13897,0,False
13898,0,False
13899,0,False
13900,0,False
13901,0,False
13904,0,False
13908,0,False
13911,0,False
13914,0,False
13917,0,False
13918,0,False
13922,0,False
13923,0,False
13924,0,False
13925,0,False
13926,0,False
13927,0,False
13928,0,False
13929,0,False
13930,0,False
13931,0,False
13932,0,False
13933,0,False
13934,0,False
13936,0,False
13937,0,False
13938,0,False
13939,0,False
13940,0,False
13941,0,False
13946,0,False
13947,0,False
13948,0,False
13949,0,False
13950,0,False
13951,0,False
13952,0,False
13954,0,False
13955,0,False
13956,0,False
13959,0,False
13960,0,False
13962,0,False
13963,0,False
13967,0,False
13969,0,False
13971,0,False
13972,0,False
13973,0,False
13974,0,False
13975,0,False
13976,0,False
13978,0,False
13979,0,False
13980,0,False
13982,0,False
13983,0,False
13984,0,False
13985,0,False
13986,0,False
13988,0,False
13989,0,False
13990,0,False
13991,0,False
13992,0,False
13993,0,False
13994,0,False
13995,0,False
13999,0,False
14000,0,False
14001,0,False
14002,0,False
14004,0,False
14005,0,False
14006,0,False
14009,0,False
14012,0,False
14013,0,False
14015,0,False
14019,0,False
14020,0,False
14021,0,False
14022,0,False
14023,0,False
14024,0,False
14027,0,False
14029,0,False
14030,0,False
14031,0,False
14032,0,False
14034,0,False
14035,0,False
14036,0,False
14037,0,False
14038,0,False
14039,0,False
14040,0,False
14041,0,False
14044,0,False
14047,0,False
14048,0,False
14050,0,False
14052,0,False
14054,0,False
14055,0,False
14056,0,False
14057,0,False
14059,0,False
14060,0,False
14062,0,False
14064,0,False
14066,0,False
14067,0,False
14068,0,False
14071,0,False
14073,0,False
14075,0,False
14076,0,False
14077,0,False
14078,0,False
14079,0,False
14080,0,False
14081,0,False
14082,0,False
14083,0,False
14085,0,False
14087,0,False
14089,0,False
14092,0,False
14098,0,False
14099,0,False
14100,0,False
14102,0,False
14105,0,False
14107,0,False
14108,0,False
14109,0,False
14110,0,False
14111,0,False
14112,0,False
14113,0,False
14114,0,False
14116,0,False
14117,0,False
14121,0,False
14125,0,False
14126,0,False
14127,0,False
14128,0,False
14129,0,False
14130,0,False
14132,0,False
14133,0,False
14135,0,False
14138,0,False
14139,0,False
14140,0,False
14141,0,False
14142,0,False
14143,0,False
14146,0,False
14147,0,False
14149,0,False
14150,0,False
14152,0,False
14154,0,False
14155,0,False
14157,0,False
14158,0,False
14161,0,False
14162,0,False
14163,0,False
14164,0,False
14165,0,False
14167,0,False
14171,0,False
14173,0,False
14174,0,False
14175,0,False
14176,0,False
14177,0,False
14178,0,False
14179,0,False
14184,0,False
14188,0,False
14189,0,False
14191,0,False
14193,0,False
14194,0,False
14196,0,False
14198,0,False
14201,0,False
14204,0,False
14205,0,False
14206,0,False
14208,0,False
14209,0,False
14210,0,False
14211,0,False
14214,0,False
14215,0,False
14216,0,False
14217,0,False
14218,0,False
14219,0,False
14220,0,False
14221,0,False
14222,0,False
14223,0,False
14224,0,False
14226,0,False
14227,0,False
14229,0,False
14231,0,False
14232,0,False
14233,0,False
14234,0,False
14235,0,False
14236,0,False
14237,0,False
14238,0,False
14239,0,False
14240,0,False
14241,0,False
14242,0,False
14243,0,False
14245,0,False
14246,0,False
14247,0,False
14248,0,False
14250,0,False
14251,0,False
14256,0,False
14257,0,False
14259,0,False
14261,0,False
14262,0,False
14264,0,False
14267,0,False
14270,0,False
14271,0,False
14272,0,False
14273,0,False
14276,0,False
14280,0,False
14282,0,False
14284,0,False
14285,0,False
14287,0,False
14288,0,False
14289,0,False
14290,0,False
14291,0,False
14292,0,False
14293,0,False
14295,0,False
14297,0,False
14299,0,False
14304,0,False
14305,0,False
14306,0,False
14307,0,False
14309,0,False
14311,0,False
14312,0,False
14315,0,False
14317,0,False
14320,0,False
14321,0,False
14323,0,False
14326,0,False
14327,0,False
14329,0,False
14331,0,False
14332,0,False
14333,0,False
14334,0,False
14336,0,False
14338,0,False
14339,0,False
14340,0,False
14341,0,False
14342,0,False
14344,0,False
14345,0,False
14346,0,False
14348,0,False
14349,0,False
14350,0,False
14352,0,False
14353,0,False
14354,0,False
14355,0,False
14356,0,False
14357,0,False
14359,0,False
14360,0,False
14362,0,False
14364,0,False
14367,0,False
14368,0,False
14371,0,False
14373,0,False
14375,0,False
14377,0,False
14379,0,False
14381,0,False
14383,0,False
14385,0,False
14386,0,False
14387,0,False
14388,0,False
14389,0,False
14390,0,False
14395,0,False
14396,0,False
14397,0,False
14400,0,False
14401,0,False
14403,0,False
14404,0,False
14406,0,False
14407,0,False
14408,0,False
14409,0,False
14410,0,False
14411,0,False
14412,0,False
14413,0,False
14414,0,False
14415,0,False
14416,0,False
14418,0,False
14419,0,False
14420,0,False
14421,0,False
14422,0,False
14426,0,False
14427,0,False
14428,0,False
14431,0,False
14432,0,False
14436,0,False
14437,0,False
14438,0,False
14440,0,False
14441,0,False
14443,0,False
14446,0,False
14447,0,False
14448,0,False
14449,0,False
14450,0,False
14451,0,False
14452,0,False
14453,0,False
14457,0,False
14459,0,False
14461,0,False
14462,0,False
14463,0,False
14465,0,False
14466,0,False
14467,0,False
14470,0,False
14472,0,False
14473,0,False
14474,0,False
14475,0,False
14476,0,False
14479,0,False
14480,0,False
14481,0,False
14482,0,False
14483,0,False
14484,0,False
14485,0,False
14487,0,False
14488,0,False
14489,0,False
14491,0,False
14493,0,False
14494,0,False
14495,0,False
14496,0,False
14497,0,False
14498,0,False
14499,0,False
14500,0,False
14501,0,False
14502,0,False
14503,0,False
14504,0,False
14505,0,False
14506,0,False
14507,0,False
14508,0,False
14511,0,False
14512,0,False
14513,0,False
14514,0,False
14515,0,False
14517,0,False
14518,0,False
14520,0,False
14522,0,False
14523,0,False
14524,0,False
14525,0,False
14528,0,False
14530,0,False
14532,0,False
14534,0,False
14535,0,False
14536,0,False
14537,0,False
14538,0,False
14539,0,False
14540,0,False
14541,0,False
14542,0,False
14543,0,False
14544,0,False
14546,0,False
14547,0,False
14549,0,False
14550,0,False
14551,0,False
14552,0,False
14553,0,False
14554,0,False
14555,0,False
14557,0,False
14560,0,False
14561,0,False
14562,0,False
14565,0,False
14567,0,False
14569,0,False
14570,0,False
14572,0,False
14573,0,False
14577,0,False
14578,0,False
14582,0,False
14583,0,False
14584,0,False
14585,0,False
14586,0,False
14587,0,False
14591,0,False
14592,0,False
14593,0,False
14594,0,False
14595,0,False
14597,0,False
14598,0,False
14600,0,False
14601,0,False
14616,0,False
14618,0,False
14619,0,False
14620,0,False
14621,0,False
14622,0,False
14623,0,False
14624,0,False
14625,0,False
14626,0,False
14628,0,False
14629,0,False
14631,0,False
14632,0,False
14633,0,False
14636,0,False
14638,0,False
14639,0,False
14640,0,False
14641,0,False
14643,0,False
14644,0,False
14645,0,False
14647,0,False
14649,0,False
14651,0,False
14652,0,False
14653,0,False
14655,0,False
14656,0,False
14657,0,False
14658,0,False
14659,0,False
14660,0,False
14661,0,False
14662,0,False
14664,0,False
14665,0,False
14666,0,False
14667,0,False
14669,0,False
14670,0,False
14672,0,False
14673,0,False
14675,0,False
14676,0,False
14681,0,False
14684,0,False
14687,0,False
14688,0,False
14689,0,False
14690,0,False
14691,0,False
14692,0,False
14693,0,False
14696,0,False
14697,0,False
14698,0,False
14699,0,False
14700,0,False
14701,0,False
14702,0,False
14703,0,False
14704,0,False
14708,0,False
14709,0,False
14710,0,False
14712,0,False
14713,0,False
14714,0,False
14715,0,False
14719,0,False
14720,0,False
14722,0,False
14723,0,False
14725,0,False
14727,0,False
14729,0,False
14730,0,False
14731,0,False
14732,0,False
14733,0,False
14735,0,False
14737,0,False
14738,0,False
14739,0,False
14740,0,False
14741,0,False
14744,0,False
14745,0,False
14747,0,False
14748,0,False
14752,0,False
14753,0,False
14754,0,False
14755,0,False
14756,0,False
14757,0,False
14758,0,False
14759,0,False
14760,0,False
14761,0,False
14762,0,False
14764,0,False
14765,0,False
14766,0,False
14768,0,False
14770,0,False
14772,0,False
14775,0,False
14778,0,False
14780,0,False
14782,0,False
14784,0,False
14785,0,False
14788,0,False
14789,0,False
14790,0,False
14793,0,False
14794,0,False
14795,0,False
14798,0,False
14799,0,False
14800,0,False
14801,0,False
14803,0,False
14804,0,False
14806,0,False
14808,0,False
14810,0,False
14813,0,False
14815,0,False
14817,0,False
14818,0,False
14819,0,False
14820,0,False
14823,0,False
14824,0,False
14825,0,False
14828,0,False
14829,0,False
14830,0,False
14834,0,False
14836,0,False
14837,0,False
14840,0,False
14841,0,False
14844,0,False
14847,0,False
14849,0,False
14850,0,False
14851,0,False
14852,0,False
14853,0,False
14854,0,False
14855,0,False
14856,0,False
14857,0,False
14859,0,False
14860,0,False
14861,0,False
14862,0,False
14863,0,False
14867,0,False
14868,0,False
14869,0,False
14870,0,False
14871,0,False
14873,0,False
14875,0,False
14878,0,False
14880,0,False
14881,0,False
14882,0,False
14883,0,False
14886,0,False
14888,0,False
14889,0,False
14890,0,False
14891,0,False
14893,0,False
14894,0,False
14895,0,False
14896,0,False
14897,0,False
14898,0,False
14901,0,False
14902,0,False
14903,0,False
14905,0,False
14907,0,False
14908,0,False
14910,0,False
14913,0,False
14915,0,False
14916,0,False
14918,0,False
14920,0,False
14921,0,False
14923,0,False
14924,0,False
14929,0,False
14944,0,False
14947,0,False
14948,0,False
14950,0,False
14951,0,False
14952,0,False
14953,0,False
14954,0,False
14958,0,False
14959,0,False
14960,0,False
14961,0,False
14962,0,False
14963,0,False
14964,0,False
14965,0,False
14966,0,False
14967,0,False
14968,0,False
14970,0,False
14971,0,False
14972,0,False
14974,0,False
14975,0,False
14976,0,False
14978,0,False
14981,0,False
14984,0,False
14985,0,False
14987,0,False
14988,0,False
14995,0,False
14998,0,False
15000,0,False
15002,0,False
15004,0,False
15005,0,False
15006,0,False
15007,0,False
15009,0,False
15010,0,False
15012,0,False
15014,0,False
15016,0,False
15017,0,False
15018,0,False
15019,0,False
15021,0,False
15022,0,False
15023,0,False
15024,0,False
15025,0,False
15026,0,False
15027,0,False
15028,0,False
15030,0,False
15031,0,False
15032,0,False
15033,0,False
15034,0,False
15035,0,False
15036,0,False
15038,0,False
15039,0,False
15041,0,False
15042,0,False
15044,0,False
15045,0,False
15046,0,False
15047,0,False
15048,0,False
15049,0,False
15050,0,False
15051,0,False
15052,0,False
15053,0,False
15054,0,False
15057,0,False
15058,0,False
15059,0,False
15060,0,False
15062,0,False
15063,0,False
15065,0,False
15066,0,False
15067,0,False
15068,0,False
15069,0,False
15071,0,False
15073,0,False
15074,0,False
15075,0,False
15076,0,False
15078,0,False
15079,0,False
15081,0,False
15083,0,False
15087,0,False
15088,0,False
15089,0,False
15090,0,False
15091,0,False
15092,0,False
15093,0,False
15095,0,False
15096,0,False
15097,0,False
15099,0,False
15101,0,False
15103,0,False
15104,0,False
15105,0,False
15106,0,False
15107,0,False
15109,0,False
15110,0,False
15111,0,False
15113,0,False
15114,0,False
15115,0,False
15116,0,False
15117,0,False
15119,0,False
15120,0,False
15121,0,False
15122,0,False
15123,0,False
15124,0,False
15125,0,False
15127,0,False
15128,0,False
15129,0,False
15130,0,False
15132,0,False
15133,0,False
15134,0,False
15135,0,False
15136,0,False
15139,0,False
15140,0,False
15142,0,False
15143,0,False
15144,0,False
15145,0,False
15146,0,False
15147,0,False
15148,0,False
15149,0,False
15150,0,False
15152,0,False
15153,0,False
15154,0,False
15156,0,False
15157,0,False
15158,0,False
15159,0,False
15160,0,False
15163,0,False
15164,0,False
15165,0,False
15167,0,False
15168,0,False
15172,0,False
15174,0,False
15175,0,False
15179,0,False
15180,0,False
15181,0,False
15182,0,False
15184,0,False
15185,0,False
15186,0,False
15187,0,False
15192,0,False
15193,0,False
15194,0,False
15197,0,False
15198,0,False
15201,0,False
15203,0,False
15204,0,False
15205,0,False
15206,0,False
15208,0,False
15210,0,False
15211,0,False
15212,0,False
15213,0,False
15214,0,False
15215,0,False
15218,0,False
15219,0,False
15220,0,False
15223,0,False
15224,0,False
15225,0,False
15226,0,False
15227,0,False
15228,0,False
15230,0,False
15232,0,False
15234,0,False
15235,0,False
15236,0,False
15237,0,False
15238,0,False
15239,0,False
15240,0,False
15241,0,False
15243,0,False
15244,0,False
15245,0,False
15246,0,False
15247,0,False
15249,0,False
15251,0,False
15252,0,False
15253,0,False
15254,0,False
15255,0,False
15256,0,False
15258,0,False
15260,0,False
15261,0,False
15262,0,False
15263,0,False
15264,0,False
15265,0,False
15266,0,False
15271,0,False
15272,0,False
15274,0,False
15275,0,False
15276,0,False
15277,0,False
15279,0,False
15281,0,False
15287,0,False
15288,0,False
15289,0,False
15290,0,False
15291,0,False
15292,0,False
15296,0,False
15297,0,False
15298,0,False
15300,0,False
15301,0,False
15303,0,False
15304,0,False
15306,0,False
15307,0,False
15308,0,False
15312,0,False
15314,0,False
15315,0,False
15319,0,False
15320,0,False
15321,0,False
15322,0,False
15326,0,False
15327,0,False
15329,0,False
15333,0,False
15334,0,False
15335,0,False
15339,0,False
15341,0,False
15342,0,False
15343,0,False
15344,0,False
15345,0,False
15346,0,False
15347,0,False
15348,0,False
15349,0,False
15350,0,False
15351,0,False
15353,0,False
15355,0,False
15356,0,False
15358,0,False
15360,0,False
15363,0,False
15364,0,False
15365,0,False
15366,0,False
15367,0,False
15368,0,False
15370,0,False
15373,0,False
15374,0,False
15376,0,False
15379,0,False
15380,0,False
15381,0,False
15382,0,False
15384,0,False
15385,0,False
15386,0,False
15392,0,False
15393,0,False
15394,0,False
15395,0,False
15396,0,False
15397,0,False
15398,0,False
15399,0,False
15400,0,False
15402,0,False
15405,0,False
15406,0,False
15407,0,False
15408,0,False
15410,0,False
15411,0,False
15412,0,False
15414,0,False
15415,0,False
15416,0,False
15417,0,False
15419,0,False
15421,0,False
15422,0,False
15423,0,False
15424,0,False
15426,0,False
15427,0,False
15428,0,False
15429,0,False
15432,0,False
15433,0,False
15434,0,False
15435,0,False
15436,0,False
15437,0,False
15438,0,False
15440,0,False
15443,0,False
15444,0,False
15445,0,False
15447,0,False
15448,0,False
15449,0,False
15450,0,False
15452,0,False
15453,0,False
15454,0,False
15456,0,False
15457,0,False
15458,0,False
15460,0,False
15462,0,False
15463,0,False
15464,0,False
15466,0,False
15467,0,False
15468,0,False
15469,0,False
15471,0,False
15472,0,False
15475,0,False
15478,0,False
15483,0,False
15484,0,False
15485,0,False
15489,0,False
15491,0,False
15492,0,False
15493,0,False
15494,0,False
15497,0,False
15498,0,False
15500,0,False
15505,0,False
15506,0,False
15507,0,False
15508,0,False
15511,0,False
15512,0,False
15513,0,False
15514,0,False
15517,0,False
15518,0,False
15520,0,False
15521,0,False
15523,0,False
15525,0,False
15527,0,False
15528,0,False
15529,0,False
15530,0,False
15531,0,False
15532,0,False
15533,0,False
15535,0,False
15537,0,False
15539,0,False
15540,0,False
15543,0,False
15544,0,False
15545,0,False
15547,0,False
15549,0,False
15550,0,False
15551,0,False
15553,0,False
15554,0,False
15555,0,False
15556,0,False
15557,0,False
15561,0,False
15563,0,False
15565,0,False
15567,0,False
15568,0,False
15569,0,False
15570,0,False
15571,0,False
15572,0,False
15573,0,False
15574,0,False
15576,0,False
15577,0,False
15578,0,False
15579,0,False
15582,0,False
15584,0,False
15585,0,False
15589,0,False
15592,0,False
15593,0,False
15594,0,False
15596,0,False
15597,0,False
15598,0,False
15599,0,False
15601,0,False
15602,0,False
15604,0,False
15605,0,False
15606,0,False
15608,0,False
15609,0,False
15610,0,False
15611,0,False
15612,0,False
15615,0,False
15618,0,False
15619,0,False
15620,0,False
15621,0,False
15622,0,False
15623,0,False
15624,0,False
15625,0,False
15626,0,False
15628,0,False
15630,0,False
15632,0,False
15634,0,False
15636,0,False
15637,0,False
15639,0,False
15640,0,False
15641,0,False
15643,0,False
15644,0,False
15645,0,False
15646,0,False
15648,0,False
15651,0,False
15652,0,False
15654,0,False
15655,0,False
15656,0,False
15658,0,False
15659,0,False
15660,0,False
15663,0,False
15664,0,False
15665,0,False
15667,0,False
15669,0,False
15670,0,False
15671,0,False
15673,0,False
15675,0,False
15676,0,False
15677,0,False
15678,0,False
15680,0,False
15681,0,False
15683,0,False
15687,0,False
15689,0,False
15690,0,False
15692,0,False
15695,0,False
15696,0,False
15699,0,False
15700,0,False
15701,0,False
15703,0,False
15704,0,False
15705,0,False
15706,0,False
15707,0,False
15708,0,False
15709,0,False
15712,0,False
15713,0,False
15714,0,False
15716,0,False
15717,0,False
15719,0,False
15720,0,False
15721,0,False
15722,0,False
15723,0,False
15724,0,False
15725,0,False
15727,0,False
15729,0,False
15730,0,False
15732,0,False
15733,0,False
15734,0,False
15737,0,False
15738,0,False
15739,0,False
15740,0,False
15743,0,False
15745,0,False
15746,0,False
15747,0,False
15748,0,False
15750,0,False
15752,0,False
15754,0,False
15755,0,False
15756,0,False
15757,0,False
15758,0,False
15759,0,False
15762,0,False
15763,0,False
15764,0,False
15766,0,False
15768,0,False
15773,0,False
15774,0,False
15775,0,False
15776,0,False
15777,0,False
15780,0,False
15781,0,False
15782,0,False
15783,0,False
15785,0,False
15786,0,False
15787,0,False
15789,0,False
15790,0,False
15791,0,False
15793,0,False
15795,0,False
15796,0,False
15799,0,False
15800,0,False
15801,0,False
15803,0,False
15804,0,False
15805,0,False
15806,0,False
15807,0,False
15808,0,False
15809,0,False
15810,0,False
15811,0,False
15812,0,False
15813,0,False
15814,0,False
15815,0,False
15819,0,False
15820,0,False
15821,0,False
15822,0,False
15825,0,False
15826,0,False
15827,0,False
15829,0,False
15830,0,False
15831,0,False
15832,0,False
15835,0,False
15836,0,False
15837,0,False
15839,0,False
15840,0,False
15841,0,False
15843,0,False
15844,0,False
15845,0,False
15847,0,False
15850,0,False
15852,0,False
15853,0,False
15854,0,False
15855,0,False
15856,0,False
15857,0,False
15858,0,False
15860,0,False
15861,0,False
15862,0,False
15864,0,False
15865,0,False
15866,0,False
15867,0,False
15869,0,False
15870,0,False
15872,0,False
15874,0,False
15877,0,False
15880,0,False
15881,0,False
15882,0,False
15883,0,False
15885,0,False
15886,0,False
15888,0,False
15889,0,False
15891,0,False
15894,0,False
15895,0,False
15897,0,False
15898,0,False
15899,0,False
15900,0,False
15901,0,False
15903,0,False
15904,0,False
15906,0,False
15907,0,False
15909,0,False
15910,0,False
15912,0,False
15916,0,False
15917,0,False
15918,0,False
15919,0,False
15920,0,False
15921,0,False
15922,0,False
15923,0,False
15925,0,False
15930,0,False
15932,0,False
15933,0,False
15937,0,False
15938,0,False
15939,0,False
15942,0,False
15944,0,False
15947,0,False
15948,0,False
15949,0,False
15950,0,False
15951,0,False
15952,0,False
15953,0,False
15955,0,False
15957,0,False
15958,0,False
15963,0,False
15965,0,False
15967,0,False
15969,0,False
15970,0,False
15973,0,False
15974,0,False
15975,0,False
15976,0,False
15977,0,False
15978,0,False
15980,0,False
15981,0,False
15983,0,False
15984,0,False
15985,0,False
15986,0,False
15987,0,False
15988,0,False
15990,0,False
15993,0,False
15994,0,False
15996,0,False
15998,0,False
16003,0,False
16005,0,False
16006,0,False
16008,0,False
16009,0,False
16010,0,False
16011,0,False
16012,0,False
16014,0,False
16016,0,False
16017,0,False
16018,0,False
16019,0,False
16020,0,False
16022,0,False
16023,0,False
16025,0,False
16030,0,False
16031,0,False
16033,0,False
16034,0,False
16036,0,False
16037,0,False
16038,0,False
16040,0,False
16042,0,False
16043,0,False
16045,0,False
16048,0,False
16049,0,False
16050,0,False
16052,0,False
16053,0,False
16054,0,False
16055,0,False
16056,0,False
16057,0,False
16059,0,False
16062,0,False
16063,0,False
16065,0,False
16066,0,False
16070,0,False
16071,0,False
16072,0,False
16076,0,False
16079,0,False
16080,0,False
16081,0,False
16083,0,False
16084,0,False
16085,0,False
16086,0,False
16091,0,False
16092,0,False
16094,0,False
16096,0,False
16097,0,False
16098,0,False
16099,0,False
16101,0,False
16102,0,False
16103,0,False
16104,0,False
16105,0,False
16106,0,False
16108,0,False
16109,0,False
16110,0,False
16112,0,False
16113,0,False
16114,0,False
16115,0,False
16116,0,False
16117,0,False
16119,0,False
16120,0,False
16121,0,False
16122,0,False
16123,0,False
16124,0,False
16125,0,False
16126,0,False
16127,0,False
16128,0,False
16131,0,False
16133,0,False
16134,0,False
16135,0,False
16136,0,False
16139,0,False
16140,0,False
16141,0,False
16142,0,False
16143,0,False
16145,0,False
16146,0,False
16147,0,False
16149,0,False
16150,0,False
16152,0,False
16153,0,False
16156,0,False
16157,0,False
16159,0,False
16160,0,False
16161,0,False
16163,0,False
16164,0,False
16168,0,False
16169,0,False
16170,0,False
16171,0,False
16172,0,False
16173,0,False
16174,0,False
16175,0,False
16177,0,False
16178,0,False
16179,0,False
16181,0,False
16183,0,False
16184,0,False
16185,0,False
16186,0,False
16187,0,False
16188,0,False
16189,0,False
16190,0,False
16191,0,False
16193,0,False
16198,0,False
16200,0,False
16201,0,False
16202,0,False
16203,0,False
16204,0,False
16205,0,False
16206,0,False
16207,0,False
16208,0,False
16209,0,False
16211,0,False
16212,0,False
16213,0,False
16214,0,False
16215,0,False
16216,0,False
16217,0,False
16218,0,False
16221,0,False
16222,0,False
16224,0,False
16225,0,False
16226,0,False
16227,0,False
16229,0,False
16230,0,False
16232,0,False
16233,0,False
16235,0,False
16236,0,False
16239,0,False
16240,0,False
16241,0,False
16242,0,False
16244,0,False
16245,0,False
16247,0,False
16248,0,False
16249,0,False
16250,0,False
16253,0,False
16255,0,False
16256,0,False
16258,0,False
16260,0,False
16261,0,False
16265,0,False
16266,0,False
16268,0,False
16270,0,False
16271,0,False
16272,0,False
16274,0,False
16275,0,False
16278,0,False
16279,0,False
16281,0,False
16282,0,False
16283,0,False
16284,0,False
16287,0,False
16292,0,False
16293,0,False
16295,0,False
16297,0,False
16298,0,False
16302,0,False
16303,0,False
16305,0,False
16306,0,False
16309,0,False
16311,0,False
16313,0,False
16315,0,False
16316,0,False
16317,0,False
16318,0,False
16319,0,False
16322,0,False
16324,0,False
16325,0,False
16326,0,False
16327,0,False
16330,0,False
16332,0,False
16337,0,False
16338,0,False
16339,0,False
16340,0,False
16341,0,False
16342,0,False
16343,0,False
16345,0,False
16347,0,False
16348,0,False
16350,0,False
16351,0,False
16352,0,False
16353,0,False
16354,0,False
16356,0,False
16357,0,False
16358,0,False
16359,0,False
16360,0,False
16361,0,False
16362,0,False
16363,0,False
16364,0,False
16365,0,False
16366,0,False
16367,0,False
16368,0,False
16369,0,False
16370,0,False
16372,0,False
16374,0,False
16376,0,False
16378,0,False
16379,0,False
16380,0,False
16383,0,False
16384,0,False
16385,0,False
16386,0,False
16387,0,False
16389,0,False
16392,0,False
16393,0,False
16394,0,False
16395,0,False
16398,0,False
16399,0,False
16400,0,False
16401,0,False
16402,0,False
16403,0,False
16404,0,False
16405,0,False
16406,0,False
16407,0,False
16409,0,False
16411,0,False
16412,0,False
16413,0,False
16414,0,False
16415,0,False
16416,0,False
16418,0,False
16419,0,False
16423,0,False
16424,0,False
16425,0,False
16426,0,False
16427,0,False
16430,0,False
16431,0,False
16432,0,False
16433,0,False
16434,0,False
16438,0,False
16440,0,False
16441,0,False
16442,0,False
16444,0,False
16445,0,False
16447,0,False
16448,0,False
16449,0,False
16450,0,False
16451,0,False
16455,0,False
16456,0,False
16457,0,False
16458,0,False
16460,0,False
16461,0,False
16463,0,False
16464,0,False
16466,0,False
16469,0,False
16470,0,False
16471,0,False
16473,0,False
16474,0,False
16475,0,False
16477,0,False
16478,0,False
16479,0,False
16480,0,False
16482,0,False
16483,0,False
16484,0,False
16485,0,False
16488,0,False
16491,0,False
16493,0,False
16494,0,False
16495,0,False
16496,0,False
16497,0,False
16498,0,False
16499,0,False
16503,0,False
16506,0,False
16509,0,False
16510,0,False
16511,0,False
16513,0,False
16515,0,False
16516,0,False
16517,0,False
16518,0,False
16519,0,False
16520,0,False
16525,0,False
16526,0,False
16527,0,False
16528,0,False
16529,0,False
16531,0,False
16533,0,False
16535,0,False
16536,0,False
16539,0,False
16542,0,False
16545,0,False
16546,0,False
16549,0,False
16550,0,False
16551,0,False
16552,0,False
16553,0,False
16554,0,False
16555,0,False
16556,0,False
16557,0,False
16558,0,False
16560,0,False
16561,0,False
16563,0,False
16566,0,False
16567,0,False
16569,0,False
16570,0,False
16571,0,False
16572,0,False
16573,0,False
16574,0,False
16581,0,False
16582,0,False
16583,0,False
16584,0,False
16586,0,False
16587,0,False
16589,0,False
16591,0,False
16592,0,False
16593,0,False
16594,0,False
16595,0,False
16596,0,False
16597,0,False
16598,0,False
16600,0,False
16601,0,False
16602,0,False
16603,0,False
16607,0,False
16609,0,False
16610,0,False
16611,0,False
16612,0,False
16613,0,False
16614,0,False
16616,0,False
16617,0,False
16618,0,False
16619,0,False
16620,0,False
16621,0,False
16623,0,False
16624,0,False
16625,0,False
16626,0,False
16627,0,False
16628,0,False
16629,0,False
16633,0,False
16634,0,False
16637,0,False
16638,0,False
16639,0,False
16641,0,False
16642,0,False
16643,0,False
16644,0,False
16647,0,False
16648,0,False
16650,0,False
16652,0,False
16653,0,False
16654,0,False
16655,0,False
16657,0,False
16658,0,False
16660,0,False
16665,0,False
16667,0,False
16668,0,False
16669,0,False
16670,0,False
16672,0,False
16674,0,False
16676,0,False
16678,0,False
16680,0,False
16681,0,False
16682,0,False
16685,0,False
16686,0,False
16688,0,False
16689,0,False
16690,0,False
16693,0,False
16696,0,False
16697,0,False
16700,0,False
16701,0,False
16705,0,False
16706,0,False
16708,0,False
16709,0,False
16710,0,False
16711,0,False
16712,0,False
16713,0,False
16714,0,False
16717,0,False
16718,0,False
16719,0,False
16720,0,False
16721,0,False
16722,0,False
16723,0,False
16725,0,False
16726,0,False
16727,0,False
16728,0,False
16729,0,False
16732,0,False
16734,0,False
16735,0,False
16739,0,False
16743,0,False
16744,0,False
16745,0,False
16746,0,False
16747,0,False
16748,0,False
16750,0,False
16751,0,False
16752,0,False
16753,0,False
16755,0,False
16756,0,False
16757,0,False
16758,0,False
16759,0,False
16761,0,False
16762,0,False
16763,0,False
16764,0,False
16766,0,False
16767,0,False
16768,0,False
16769,0,False
16770,0,False
16771,0,False
16773,0,False
16774,0,False
16775,0,False
16776,0,False
16777,0,False
16778,0,False
16779,0,False
16780,0,False
16781,0,False
16782,0,False
16784,0,False
16788,0,False
16789,0,False
16790,0,False
16791,0,False
16792,0,False
16793,0,False
16794,0,False
16795,0,False
16796,0,False
16800,0,False
16801,0,False
16803,0,False
16804,0,False
16805,0,False
16806,0,False
16807,0,False
16808,0,False
16809,0,False
16810,0,False
16811,0,False
16812,0,False
16813,0,False
16814,0,False
16816,0,False
16817,0,False
16818,0,False
16820,0,False
16823,0,False
16824,0,False
16825,0,False
16826,0,False
16828,0,False
16829,0,False
16830,0,False
16832,0,False
16833,0,False
16834,0,False
16835,0,False
16836,0,False
16837,0,False
16838,0,False
16839,0,False
16841,0,False
16842,0,False
16843,0,False
16846,0,False
16847,0,False
16848,0,False
16849,0,False
16850,0,False
16851,0,False
16852,0,False
16855,0,False
16858,0,False
16859,0,False
16861,0,False
16863,0,False
16866,0,False
16869,0,False
16871,0,False
16873,0,False
16875,0,False
16877,0,False
16880,0,False
16882,0,False
16883,0,False
16884,0,False
16885,0,False
16887,0,False
16889,0,False
16892,0,False
16893,0,False
16895,0,False
16897,0,False
16898,0,False
16899,0,False
16900,0,False
16902,0,False
16903,0,False
16904,0,False
16905,0,False
16906,0,False
16907,0,False
16909,0,False
16910,0,False
16912,0,False
16913,0,False
16914,0,False
16916,0,False
16917,0,False
16918,0,False
16919,0,False
16921,0,False
16923,0,False
16924,0,False
16926,0,False
16927,0,False
16928,0,False
16929,0,False
16930,0,False
16931,0,False
16932,0,False
16933,0,False
16934,0,False
16936,0,False
16938,0,False
16940,0,False
16942,0,False
16943,0,False
16945,0,False
16947,0,False
16948,0,False
16949,0,False
16950,0,False
16951,0,False
16952,0,False
16954,0,False
16955,0,False
16956,0,False
16957,0,False
16959,0,False
16960,0,False
16961,0,False
16963,0,False
16965,0,False
16966,0,False
16967,0,False
16968,0,False
16969,0,False
16978,0,False
16979,0,False
16980,0,False
16982,0,False
16983,0,False
16984,0,False
16985,0,False
16987,0,False
16988,0,False
16992,0,False
16996,0,False
16997,0,False
16998,0,False
16999,0,False
17001,0,False
17002,0,False
17004,0,False
17006,0,False
17007,0,False
17010,0,False
17011,0,False
17014,0,False
17018,0,False
17019,0,False
17024,0,False
17025,0,False
17026,0,False
17027,0,False
17030,0,False
17031,0,False
17033,0,False
17034,0,False
17035,0,False
17037,0,False
17038,0,False
17040,0,False
17041,0,False
17042,0,False
17043,0,False
17045,0,False
17046,0,False
17047,0,False
17048,0,False
17049,0,False
17050,0,False
17051,0,False
17052,0,False
17053,0,False
17054,0,False
17058,0,False
17059,0,False
17060,0,False
17061,0,False
17062,0,False
17063,0,False
17064,0,False
17068,0,False
17069,0,False
17070,0,False
17071,0,False
17073,0,False
17075,0,False
17076,0,False
17078,0,False
17080,0,False
17081,0,False
17082,0,False
17083,0,False
17084,0,False
17085,0,False
17086,0,False
17088,0,False
17090,0,False
17091,0,False
17092,0,False
17094,0,False
17095,0,False
17096,0,False
17100,0,False
17101,0,False
17105,0,False
17107,0,False
17109,0,False
17110,0,False
17111,0,False
17115,0,False
17117,0,False
17118,0,False
17119,0,False
17120,0,False
17122,0,False
17123,0,False
17124,0,False
17125,0,False
17126,0,False
17128,0,False
17131,0,False
17134,0,False
17135,0,False
17138,0,False
17139,0,False
17140,0,False
17142,0,False
17144,0,False
17146,0,False
17147,0,False
17148,0,False
17152,0,False
17153,0,False
17154,0,False
17155,0,False
17157,0,False
17158,0,False
17159,0,False
17160,0,False
17162,0,False
17163,0,False
17164,0,False
17165,0,False
17166,0,False
17169,0,False
17171,0,False
17173,0,False
17174,0,False
17175,0,False
17176,0,False
17179,0,False
17180,0,False
17181,0,False
17183,0,False
17187,0,False
17188,0,False
17189,0,False
17190,0,False
17191,0,False
17193,0,False
17194,0,False
17197,0,False
17198,0,False
17201,0,False
17203,0,False
17204,0,False
17206,0,False
17211,0,False
17212,0,False
17213,0,False
17214,0,False
17217,0,False
17218,0,False
17219,0,False
17220,0,False
17221,0,False
17222,0,False
17223,0,False
17226,0,False
17227,0,False
17228,0,False
17229,0,False
17230,0,False
17231,0,False
17232,0,False
17233,0,False
17234,0,False
17235,0,False
17236,0,False
17237,0,False
17238,0,False
17239,0,False
17242,0,False
17243,0,False
17244,0,False
17245,0,False
17247,0,False
17248,0,False
17250,0,False
17251,0,False
17252,0,False
17253,0,False
17254,0,False
17255,0,False
17256,0,False
17259,0,False
17265,0,False
17266,0,False
17267,0,False
17272,0,False
17274,0,False
17277,0,False
17278,0,False
17279,0,False
17282,0,False
17284,0,False
17286,0,False
17287,0,False
17288,0,False
17289,0,False
17290,0,False
17293,0,False
17295,0,False
17297,0,False
17298,0,False
17299,0,False
17301,0,False
17302,0,False
17303,0,False
17309,0,False
17311,0,False
17312,0,False
17313,0,False
17314,0,False
17315,0,False
17320,0,False
17321,0,False
17323,0,False
17324,0,False
17325,0,False
17329,0,False
17330,0,False
17333,0,False
17334,0,False
17338,0,False
17339,0,False
17340,0,False
17341,0,False
17343,0,False
17344,0,False
17345,0,False
17346,0,False
17348,0,False
17349,0,False
17350,0,False
17351,0,False
17354,0,False
17357,0,False
17358,0,False
17359,0,False
17360,0,False
17361,0,False
17362,0,False
17364,0,False
17365,0,False
17367,0,False
17368,0,False
17370,0,False
17371,0,False
17372,0,False
17373,0,False
17374,0,False
17375,0,False
17376,0,False
17377,0,False
17383,0,False
17384,0,False
17385,0,False
17386,0,False
17387,0,False
17388,0,False
17392,0,False
17394,0,False
17397,0,False
17398,0,False
17400,0,False
17402,0,False
17403,0,False
17405,0,False
17409,0,False
17410,0,False
17411,0,False
17412,0,False
17415,0,False
17416,0,False
17418,0,False
17419,0,False
17420,0,False
17422,0,False
17423,0,False
17425,0,False
17426,0,False
17428,0,False
17429,0,False
17430,0,False
17431,0,False
17432,0,False
17433,0,False
17434,0,False
17436,0,False
17438,0,False
17442,0,False
17446,0,False
17447,0,False
17449,0,False
17451,0,False
17453,0,False
17454,0,False
17455,0,False
17456,0,False
17457,0,False
17458,0,False
17459,0,False
17460,0,False
17461,0,False
17462,0,False
17463,0,False
17464,0,False
17466,0,False
17468,0,False
17469,0,False
17470,0,False
17472,0,False
17475,0,False
17480,0,False
17481,0,False
17483,0,False
17486,0,False
17489,0,False
17490,0,False
17491,0,False
17492,0,False
17495,0,False
17496,0,False
17498,0,False
17499,0,False
17501,0,False
17502,0,False
17503,0,False
17504,0,False
17505,0,False
17506,0,False
17507,0,False
17509,0,False
17510,0,False
17512,0,False
17513,0,False
17514,0,False
17515,0,False
17516,0,False
17517,0,False
17519,0,False
17520,0,False
17521,0,False
17522,0,False
17523,0,False
17524,0,False
17525,0,False
17526,0,False
17527,0,False
17528,0,False
17530,0,False
17531,0,False
17534,0,False
17535,0,False
17537,0,False
17538,0,False
17540,0,False
17542,0,False
17545,0,False
17548,0,False
17549,0,False
17550,0,False
17551,0,False
17552,0,False
17554,0,False
17555,0,False
17556,0,False
17557,0,False
17560,0,False
17561,0,False
17562,0,False
17564,0,False
17566,0,False
17567,0,False
17569,0,False
17571,0,False
17572,0,False
17573,0,False
17574,0,False
17576,0,False
17578,0,False
17579,0,False
17580,0,False
17581,0,False
17582,0,False
17584,0,False
17588,0,False
17589,0,False
17590,0,False
17591,0,False
17593,0,False
17594,0,False
17595,0,False
17596,0,False
17597,0,False
17600,0,False
17601,0,False
17603,0,False
17604,0,False
17608,0,False
17609,0,False
17611,0,False
17612,0,False
17613,0,False
17614,0,False
17615,0,False
17618,0,False
17619,0,False
17620,0,False
17621,0,False
17623,0,False
17624,0,False
17625,0,False
17628,0,False
17629,0,False
17630,0,False
17631,0,False
17633,0,False
17634,0,False
17636,0,False
17637,0,False
17639,0,False
17640,0,False
17642,0,False
17643,0,False
17644,0,False
17646,0,False
17647,0,False
17648,0,False
17649,0,False
17650,0,False
17651,0,False
17652,0,False
17653,0,False
17654,0,False
17655,0,False
17656,0,False
17658,0,False
17659,0,False
17660,0,False
17663,0,False
17664,0,False
17666,0,False
17667,0,False
17668,0,False
17669,0,False
17670,0,False
17671,0,False
17672,0,False
17673,0,False
17675,0,False
17676,0,False
17677,0,False
17678,0,False
17679,0,False
17680,0,False
17682,0,False
17684,0,False
17685,0,False
17686,0,False
17690,0,False
17691,0,False
17692,0,False
17693,0,False
17694,0,False
17695,0,False
17696,0,False
17697,0,False
17698,0,False
17700,0,False
17701,0,False
17702,0,False
17703,0,False
17704,0,False
17705,0,False
17706,0,False
17707,0,False
17708,0,False
17711,0,False
17712,0,False
17714,0,False
17716,0,False
17718,0,False
17719,0,False
17720,0,False
17722,0,False
17724,0,False
17725,0,False
17727,0,False
17728,0,False
17730,0,False
17731,0,False
17732,0,False
17733,0,False
17734,0,False
17735,0,False
17736,0,False
17737,0,False
17738,0,False
17739,0,False
17742,0,False
17746,0,False
17749,0,False
17754,0,False
17757,0,False
17758,0,False
17759,0,False
17760,0,False
17761,0,False
17764,0,False
17765,0,False
17767,0,False
17768,0,False
17769,0,False
17770,0,False
17771,0,False
17774,0,False
17777,0,False
17779,0,False
17781,0,False
17783,0,False
17785,0,False
17786,0,False
17787,0,False
17789,0,False
17790,0,False
17791,0,False
17793,0,False
17795,0,False
17796,0,False
17797,0,False
17799,0,False
17800,0,False
17802,0,False
17805,0,False
17806,0,False
17809,0,False
17811,0,False
17812,0,False
17813,0,False
17819,0,False
17824,0,False
17827,0,False
17830,0,False
17835,0,False
17837,0,False
17838,0,False
17839,0,False
17843,0,False
17848,0,False
17849,0,False
17850,0,False
17852,0,False
17854,0,False
17855,0,False
17856,0,False
17858,0,False
17859,0,False
17860,0,False
17861,0,False
17862,0,False
17863,0,False
17864,0,False
17865,0,False
17866,0,False
17867,0,False
17870,0,False
17871,0,False
17873,0,False
17874,0,False
17877,0,False
17878,0,False
17879,0,False
17880,0,False
17881,0,False
17883,0,False
17884,0,False
17885,0,False
17886,0,False
17887,0,False
17888,0,False
17889,0,False
17890,0,False
17892,0,False
17893,0,False
17894,0,False
17895,0,False
17897,0,False
17898,0,False
17899,0,False
17900,0,False
17901,0,False
17904,0,False
17905,0,False
17906,0,False
17908,0,False
17911,0,False
17912,0,False
17913,0,False
17914,0,False
17917,0,False
17919,0,False
17920,0,False
17921,0,False
17924,0,False
17926,0,False
17928,0,False
17930,0,False
17931,0,False
17932,0,False
17934,0,False
17935,0,False
17936,0,False
17937,0,False
17939,0,False
17946,0,False
17947,0,False
17950,0,False
17951,0,False
17954,0,False
17955,0,False
17958,0,False
17961,0,False
17962,0,False
17964,0,False
17965,0,False
17966,0,False
17967,0,False
17968,0,False
17969,0,False
17970,0,False
17972,0,False
17973,0,False
17974,0,False
17975,0,False
17976,0,False
17977,0,False
17978,0,False
17979,0,False
17980,0,False
17984,0,False
17985,0,False
17987,0,False
17988,0,False
17990,0,False
17991,0,False
17994,0,False
17997,0,False
17999,0,False
18001,0,False
18004,0,False
18005,0,False
18006,0,False
18008,0,False
18009,0,False
18010,0,False
18011,0,False
18014,0,False
18016,0,False
18018,0,False
18022,0,False
18024,0,False
18027,0,False
18030,0,False
18032,0,False
18033,0,False
18035,0,False
18036,0,False
18040,0,False
18041,0,False
18042,0,False
18043,0,False
18044,0,False
18045,0,False
18048,0,False
18050,0,False
18053,0,False
18055,0,False
18056,0,False
18058,0,False
18059,0,False
18061,0,False
18062,0,False
18064,0,False
18065,0,False
18066,0,False
18067,0,False
18069,0,False
18071,0,False
18072,0,False
18073,0,False
18074,0,False
18075,0,False
18077,0,False
18078,0,False
18081,0,False
18082,0,False
18085,0,False
18086,0,False
18088,0,False
18092,0,False
18093,0,False
18094,0,False
18095,0,False
18096,0,False
18097,0,False
18099,0,False
18101,0,False
18104,0,False
18105,0,False
18106,0,False
18108,0,False
18109,0,False
18110,0,False
18112,0,False
18114,0,False
18116,0,False
18118,0,False
18119,0,False
18120,0,False
18121,0,False
18122,0,False
18123,0,False
18125,0,False
18126,0,False
18127,0,False
18129,0,False
18130,0,False
18135,0,False
18136,0,False
18138,0,False
18142,0,False
18143,0,False
18144,0,False
18145,0,False
18146,0,False
18147,0,False
18149,0,False
18150,0,False
18151,0,False
18154,0,False
18155,0,False
18156,0,False
18158,0,False
18159,0,False
18160,0,False
18161,0,False
18164,0,False
18165,0,False
18167,0,False
18168,0,False
18169,0,False
18170,0,False
18171,0,False
18172,0,False
18173,0,False
18176,0,False
18177,0,False
18178,0,False
18179,0,False
18180,0,False
18181,0,False
18183,0,False
18185,0,False
18188,0,False
18189,0,False
18190,0,False
18191,0,False
18192,0,False
18193,0,False
18196,0,False
18198,0,False
18200,0,False
18202,0,False
18203,0,False
18204,0,False
18205,0,False
18209,0,False
18210,0,False
18211,0,False
18212,0,False
18213,0,False
18215,0,False
18216,0,False
18217,0,False
18218,0,False
18219,0,False
18221,0,False
18222,0,False
18223,0,False
18224,0,False
18225,0,False
18226,0,False
18227,0,False
18228,0,False
18229,0,False
18230,0,False
18231,0,False
18232,0,False
18235,0,False
18236,0,False
18237,0,False
18239,0,False
18240,0,False
18241,0,False
18242,0,False
18245,0,False
18248,0,False
18249,0,False
18250,0,False
18252,0,False
18255,0,False
18257,0,False
18259,0,False
18260,0,False
18261,0,False
18262,0,False
18263,0,False
18265,0,False
18269,0,False
18270,0,False
18272,0,False
18273,0,False
18274,0,False
18276,0,False
18277,0,False
18278,0,False
18280,0,False
18281,0,False
18282,0,False
18283,0,False
18287,0,False
13144,1,False
13188,1,False
14148,1,False
15526,1,False
16468,1,False
16679,1,False
17382,1,False
12939,2,False
13225,2,False
13629,2,False
13953,2,False
16182,2,False
16656,2,False
17133,2,False
14195,3,False
14434,3,False
14608,3,False
15199,3,False
17262,3,False
17788,3,False
14051,4,False
15189,4,False
15482,4,False
16210,4,False
